Source,Target
1,2
1,3
1,4
1,5
1,6
1,7
1,8
1,9
1,10
1,11
1,12
1,13
1,14
1,15
16,17
16,18
16,19
16,20
16,21
16,22
23,24
23,25
23,26
23,27
23,28
23,29
23,30
23,31
23,32
23,33
23,34
23,35
23,36
23,37
38,39
38,40
38,41
38,42
38,43
38,44
38,45
38,46
38,47
38,48
38,49
38,50
38,51
38,52
38,53
38,54
38,55
38,56
38,57
39,58
39,59
39,60
39,61
39,62
39,63
39,64
39,42
39,65
39,66
39,67
39,68
39,49
39,69
39,70
39,71
39,8
39,72
39,73
39,74
39,75
39,76
39,77
39,78
39,79
39,80
39,81
39,82
39,83
39,84
39,85
86,87
86,88
86,89
86,62
86,90
86,91
86,92
86,93
86,94
86,95
86,96
86,97
86,98
86,99
86,100
86,101
86,102
86,103
86,104
86,105
86,106
86,107
86,108
86,109
86,110
86,111
86,112
86,113
86,114
86,115
86,116
86,117
86,118
86,119
86,120
86,121
86,122
86,123
86,124
86,125
86,126
86,127
128,129
128,130
128,131
128,132
128,133
128,134
128,135
136,137
136,138
136,139
136,140
136,141
136,142
136,143
136,144
145,146
145,147
145,148
145,149
145,142
145,150
145,151
145,152
145,153
146,147
146,154
146,155
146,156
146,157
146,158
146,159
146,160
146,161
146,162
146,163
146,164
146,165
146,166
146,167
146,168
146,169
146,170
146,171
146,172
146,173
146,174
146,175
146,176
146,177
146,142
146,178
146,179
146,33
146,150
146,180
146,181
146,182
146,14
146,183
146,153
146,184
147,185
147,186
147,68
147,70
147,71
147,187
147,188
147,74
147,75
147,76
147,77
147,142
147,80
147,150
147,189
147,182
147,190
147,191
147,153
147,192
147,125
154,155
154,185
154,158
154,45
154,160
154,161
154,164
154,165
154,167
154,193
154,168
154,170
154,194
154,172
154,54
154,175
154,195
154,196
154,176
154,179
154,197
154,180
154,198
154,182
154,14
154,199
154,200
201,202
201,203
201,40
201,204
201,43
201,205
201,206
201,44
201,45
201,207
201,208
201,46
201,47
201,48
201,209
201,210
201,211
201,212
201,213
201,214
201,215
201,216
201,217
201,218
201,219
201,220
201,221
201,56
201,222
201,223
201,224
201,225
226,3
226,227
226,228
226,229
226,230
226,231
226,232
233,3
233,234
233,235
233,5
233,236
233,237
233,238
233,239
233,9
233,240
233,11
233,241
233,242
233,243
244,245
244,43
244,246
244,207
244,247
244,47
244,248
244,69
244,228
244,213
244,188
244,249
244,217
244,250
244,251
244,252
244,199
244,253
244,254
244,255
244,256
257,258
257,259
257,260
257,261
257,262
257,263
264,265
264,266
264,267
264,268
264,269
264,270
264,271
264,272
264,273
264,274
264,275
264,276
264,277
58,278
58,186
58,64
58,42
58,279
58,65
58,66
58,280
58,281
58,68
58,49
58,282
58,140
58,6
58,8
58,283
58,284
58,73
58,285
58,75
58,286
58,190
58,287
58,288
58,125
58,289
2,290
2,25
2,291
2,247
2,27
2,30
2,10
2,33
2,35
2,14
155,156
155,290
155,157
155,279
155,159
155,160
155,162
155,163
155,292
155,165
155,293
155,167
155,168
155,28
155,170
155,294
155,10
155,175
155,295
155,176
155,179
155,180
155,296
155,181
155,182
155,14
155,297
298,138
298,299
298,300
298,301
298,302
298,303
298,304
87,88
87,89
87,91
87,92
87,93
87,94
87,97
87,98
87,101
87,102
87,103
87,104
87,106
87,108
87,109
87,110
87,111
87,112
87,113
87,116
87,119
87,121
87,122
87,126
87,127
305,161
305,164
305,167
305,176
305,180
59,245
59,246
59,247
59,248
59,68
59,69
59,228
59,306
59,188
59,249
59,76
59,250
59,251
59,307
59,252
59,82
59,199
59,308
59,253
59,254
59,255
59,256
202,40
202,26
202,43
202,206
202,44
202,45
202,207
202,208
202,46
202,309
202,47
202,48
202,209
202,310
202,210
202,211
202,212
202,311
202,213
202,214
202,216
202,217
202,286
202,219
202,150
202,221
202,312
202,223
156,159
156,313
156,160
156,292
156,166
156,167
156,168
156,170
156,175
156,176
156,179
156,181
156,182
156,14
314,62
314,315
314,316
314,317
314,318
314,319
314,312
320,321
322,129
322,323
322,205
322,279
322,163
322,324
322,193
322,325
322,326
322,294
322,6
322,327
322,328
322,329
322,330
322,197
322,198
322,331
322,332
322,333
322,334
335,336
335,43
335,162
335,337
338,339
338,88
338,89
338,340
338,207
338,315
338,97
338,98
338,167
338,318
338,108
338,195
338,341
338,342
338,296
339,41
339,43
339,293
339,51
339,53
339,286
339,178
343,344
343,345
343,346
343,347
343,348
343,349
343,350
343,351
343,352
343,353
343,354
343,355
356,357
356,358
356,359
356,360
356,361
356,362
356,363
356,364
356,365
356,366
356,367
356,368
356,369
356,370
356,191
356,371
356,85
88,89
88,62
88,372
88,340
88,373
88,90
88,91
88,93
88,315
88,94
88,95
88,96
88,97
88,98
88,99
88,100
88,374
88,375
88,101
88,317
88,102
88,103
88,318
88,376
88,104
88,377
88,106
88,107
88,108
88,378
88,109
88,110
88,111
88,112
88,114
88,342
88,116
88,35
88,117
88,379
88,118
88,119
88,36
88,120
88,121
88,122
88,124
88,126
88,127
60,61
60,345
60,65
60,292
60,68
60,70
60,71
60,75
60,76
60,380
60,78
60,79
60,80
60,189
60,82
60,381
382,185
382,41
382,278
382,63
382,383
382,384
382,385
382,386
382,313
382,28
382,387
382,388
382,174
382,389
382,390
382,391
382,392
382,296
382,393
382,394
382,230
382,395
382,396
382,397
382,134
382,398
382,399
382,400
382,401
402,336
402,403
402,404
148,405
148,89
148,340
148,98
148,99
148,376
148,149
148,406
148,342
148,117
405,17
405,18
405,407
405,408
405,149
405,406
405,409
405,19
405,20
405,21
405,22
89,24
89,62
89,340
89,373
89,90
89,91
89,93
89,94
89,95
89,96
89,97
89,98
89,99
89,374
89,375
89,101
89,317
89,102
89,103
89,318
89,376
89,104
89,377
89,106
89,107
89,108
89,109
89,110
89,111
89,319
89,114
89,342
89,116
89,35
89,117
89,379
89,119
89,36
89,120
89,121
89,122
89,124
89,126
89,127
24,410
24,411
24,25
24,412
24,413
24,414
24,415
24,416
24,417
24,418
24,67
24,419
24,420
24,421
24,422
24,423
24,72
24,9
24,195
24,424
24,425
24,55
24,242
24,426
24,427
129,323
129,205
129,279
129,163
129,324
129,193
129,325
129,326
129,294
129,6
129,327
129,328
129,329
129,179
129,330
129,198
129,131
129,331
129,332
129,333
290,292
290,428
290,169
290,394
290,429
185,157
185,41
185,278
185,383
185,430
185,384
185,431
185,432
185,386
185,313
185,403
185,433
185,434
185,435
185,293
185,436
185,28
185,282
185,169
185,437
185,349
185,102
185,438
185,439
185,440
185,388
185,174
185,441
185,54
185,75
185,442
185,443
185,444
185,33
185,445
185,57
185,394
185,182
185,191
185,134
185,446
185,135
185,399
185,125
185,401
410,336
410,186
410,64
410,205
410,447
410,448
410,73
410,449
410,132
410,287
410,450
410,451
61,62
61,64
61,65
61,315
61,68
61,70
61,75
61,76
61,78
61,79
61,189
61,82
61,83
61,84
157,3
157,278
157,158
157,313
157,160
157,94
157,168
157,170
157,172
157,174
157,176
157,179
157,452
157,182
157,14
157,126
203,43
203,44
203,313
203,346
203,207
203,208
203,46
203,47
203,48
203,209
203,210
203,212
203,213
203,214
203,216
203,217
203,219
203,220
203,221
203,56
203,452
203,222
203,223
3,234
3,453
3,413
3,454
3,346
3,5
3,236
3,416
3,418
3,237
3,167
3,238
3,228
3,173
3,239
3,229
3,72
3,455
3,55
3,240
3,11
3,241
3,242
3,456
3,457
3,183
3,243
3,426
40,458
40,41
40,384
40,204
40,43
40,205
40,459
40,44
40,45
40,207
40,46
40,47
40,48
40,209
40,293
40,310
40,210
40,50
40,51
40,460
40,437
40,211
40,52
40,53
40,212
40,213
40,214
40,54
40,215
40,216
40,217
40,286
40,218
40,219
40,220
40,221
40,56
40,57
40,312
40,151
40,222
40,223
40,224
40,225
40,461
462,331
62,463
62,186
62,90
62,91
62,246
62,93
62,464
62,465
62,346
62,315
62,403
62,96
62,97
62,316
62,68
62,374
62,69
62,317
62,318
62,466
62,311
62,467
62,108
62,284
62,31
62,76
62,109
62,468
62,319
62,469
62,470
62,114
62,150
62,351
62,471
62,342
62,312
62,472
62,117
62,82
62,379
62,119
62,36
62,183
62,124
62,473
474,475
474,8
474,195
474,328
474,342
474,125
474,289
463,476
463,464
463,346
463,403
463,248
463,347
463,139
463,349
463,311
463,29
463,350
463,477
463,251
463,351
463,352
463,355
463,478
234,25
234,479
234,5
234,236
234,416
234,237
234,282
234,238
234,239
234,455
234,55
234,240
234,11
234,12
234,312
234,241
234,242
234,456
234,243
234,255
480,481
480,482
480,459
480,483
480,293
480,484
480,50
480,321
480,51
480,485
480,227
480,52
480,53
480,54
480,424
480,196
480,341
480,57
480,12
480,452
480,486
480,487
480,488
489,20
458,43
458,44
458,46
458,47
458,48
458,211
458,217
458,219
458,220
458,221
458,56
458,223
490,261
41,491
41,430
41,43
41,459
41,386
41,346
41,46
41,492
41,433
41,47
41,435
41,293
41,51
41,169
41,437
41,101
41,52
41,53
41,440
41,493
41,54
41,286
41,341
41,57
41,394
41,151
336,94
336,403
336,337
336,448
336,212
336,172
336,404
336,132
336,126
494,354
278,63
278,383
278,384
278,385
278,313
278,161
278,162
278,164
278,281
278,168
278,28
278,140
278,6
278,387
278,388
278,173
278,495
278,174
278,389
278,390
278,391
278,176
278,392
278,149
278,296
278,393
278,230
278,14
278,144
278,396
278,397
278,398
278,399
278,400
278,496
278,401
63,383
63,385
63,313
63,67
63,497
63,428
63,387
63,388
63,389
63,72
63,393
63,12
63,396
63,397
63,399
411,412
411,413
411,414
411,416
411,417
411,67
411,419
411,420
411,421
411,422
411,423
411,72
411,195
411,55
411,11
411,427
491,208
491,433
491,293
491,51
491,437
491,52
491,53
491,54
491,341
491,57
491,498
372,340
372,26
372,315
372,94
372,258
372,374
372,318
372,106
372,108
372,312
372,119
372,36
372,127
383,384
383,245
383,431
383,385
383,159
383,313
383,161
383,434
383,164
383,165
383,167
383,69
383,28
383,170
383,438
383,387
383,388
383,174
383,499
383,407
383,389
383,441
383,176
383,296
383,393
383,394
383,230
383,396
383,397
383,398
383,399
383,400
383,401
340,373
340,90
340,93
340,94
340,96
340,97
340,98
340,99
340,101
340,318
340,376
340,107
340,108
340,31
340,500
340,378
340,114
340,342
340,117
340,126
340,127
481,482
481,459
481,293
481,321
481,51
481,227
481,53
481,54
481,196
481,57
481,452
430,245
430,45
430,417
430,337
430,169
430,437
430,349
430,438
430,440
430,54
430,501
430,75
430,141
430,113
430,142
430,33
430,144
430,502
430,503
373,323
373,97
373,98
373,281
373,101
373,108
373,500
373,111
373,504
373,342
373,288
373,127
235,5
235,236
235,428
235,238
235,239
235,505
235,506
235,11
235,394
235,507
235,395
235,446
235,243
235,508
384,205
384,431
384,385
384,313
384,434
384,28
384,438
384,388
384,174
384,441
384,218
384,445
384,393
384,394
384,396
384,135
384,399
384,401
509,510
509,511
509,512
509,513
509,445
509,514
482,515
482,454
482,4
482,227
482,10
482,516
482,12
482,517
245,43
245,246
245,45
245,464
245,386
245,403
245,247
245,292
245,248
245,167
245,69
245,169
245,518
245,228
245,440
245,306
245,30
245,174
245,188
245,249
245,391
245,250
245,251
245,307
245,252
245,199
245,308
245,519
245,232
245,396
245,253
245,254
245,399
245,255
245,256
520,521
25,479
25,522
25,27
25,434
25,98
25,347
25,282
25,437
25,101
25,30
25,32
25,33
25,34
25,312
25,35
25,126
479,282
479,439
479,523
479,443
479,312
479,524
479,446
479,450
479,451
186,64
186,279
186,66
186,160
186,280
186,163
186,49
186,525
186,167
186,270
186,169
186,526
186,170
186,272
186,521
186,527
186,8
186,273
186,284
186,73
186,285
186,175
186,528
186,529
186,181
186,530
186,531
186,190
186,277
186,287
186,192
186,473
204,43
204,207
204,208
204,46
204,309
204,47
204,209
204,210
204,212
204,311
204,213
204,214
204,217
204,223
90,93
90,315
90,94
90,95
90,97
90,98
90,375
90,101
90,317
90,102
90,103
90,377
90,106
90,108
90,378
90,109
90,110
90,111
90,342
90,116
90,35
90,117
90,119
90,124
90,126
90,127
64,279
64,432
64,66
64,163
64,268
64,49
64,525
64,282
64,526
64,521
64,8
64,273
64,284
64,73
64,285
64,528
64,76
64,529
64,530
64,190
64,191
64,277
64,287
64,192
64,125
64,473
42,438
42,55
42,57
42,312
42,488
42,288
344,476
344,345
344,532
344,386
344,346
344,347
344,533
344,139
344,348
344,349
344,534
344,350
344,250
344,33
344,352
344,353
344,152
344,535
344,536
510,511
510,537
510,512
510,538
510,513
510,445
510,539
510,514
510,540
510,541
26,43
26,515
26,94
26,258
26,374
26,318
26,440
26,108
26,31
26,319
26,470
26,117
26,379
26,36
26,37
26,127
43,246
43,206
43,44
43,45
43,465
43,207
43,208
43,46
43,27
43,417
43,309
43,47
43,48
43,209
43,483
43,293
43,484
43,310
43,210
43,50
43,51
43,460
43,437
43,211
43,52
43,53
43,212
43,440
43,466
43,311
43,213
43,542
43,214
43,54
43,467
43,188
43,216
43,31
43,217
43,286
43,250
43,319
43,307
43,469
43,470
43,219
43,150
43,220
43,221
43,56
43,57
43,312
43,151
43,222
43,199
43,223
43,224
43,488
43,254
43,225
453,103
453,318
453,54
453,11
453,37
476,345
476,543
476,346
476,533
476,139
476,349
476,534
476,350
476,352
476,132
476,544
412,413
412,414
412,416
412,403
412,67
412,419
412,420
412,421
412,475
412,422
412,423
412,72
412,195
412,55
412,152
412,426
323,205
323,279
323,163
323,281
323,324
323,193
323,325
323,326
323,294
323,6
323,327
323,328
323,329
323,504
323,330
323,197
323,198
323,331
323,545
323,332
323,333
323,288
205,279
205,163
205,324
205,193
205,325
205,326
205,294
205,6
205,327
205,215
205,516
205,328
205,329
205,218
205,444
205,330
205,198
205,331
205,332
205,225
515,4
515,167
515,527
431,492
431,434
431,428
431,435
431,28
431,437
431,546
431,438
431,493
431,174
431,441
431,149
431,547
431,445
431,506
431,548
431,549
431,394
431,507
431,446
431,135
431,508
431,401
91,93
91,94
91,97
91,102
91,104
91,108
91,109
91,112
91,119
91,126
91,127
459,45
459,46
459,47
459,483
459,293
459,484
459,50
459,321
459,51
459,52
459,53
459,54
459,424
459,196
459,341
459,57
459,452
459,151
459,487
459,488
92,102
92,103
92,112
92,116
92,118
92,119
92,121
345,346
345,403
345,347
345,139
345,349
345,534
345,76
345,352
345,355
246,44
246,386
246,346
246,46
246,247
246,248
246,69
246,518
246,228
246,306
246,311
246,213
246,467
246,188
246,249
246,217
246,250
246,251
246,307
246,252
246,221
246,56
246,199
246,308
246,232
246,253
246,254
246,255
246,256
550,65
550,68
550,78
550,79
543,551
543,15
552,357
552,358
552,359
552,360
552,361
552,553
552,554
552,363
552,364
552,555
552,365
552,366
552,367
552,368
552,369
552,370
552,144
552,191
552,371
552,85
279,357
279,94
279,163
279,324
279,556
279,167
279,193
279,282
279,325
279,140
279,326
279,294
279,6
279,327
279,328
279,329
279,330
279,198
279,331
279,332
279,333
279,288
279,334
65,357
65,68
65,70
65,71
65,187
65,74
65,75
65,76
65,77
65,78
65,79
65,80
65,81
65,189
65,82
65,191
65,83
65,371
65,85
413,414
413,416
413,417
413,67
413,419
413,420
413,421
413,422
413,423
413,72
413,195
413,55
413,11
413,426
413,427
357,358
357,359
357,163
357,360
357,361
357,553
357,167
357,557
357,554
357,362
357,363
357,364
357,75
357,76
357,555
357,109
357,391
357,365
357,366
357,367
357,368
357,369
357,370
357,199
357,191
357,558
357,371
357,85
454,4
454,347
454,139
454,212
454,423
454,29
454,72
454,73
454,11
454,12
454,517
454,151
454,352
454,153
522,27
522,35
559,434
559,560
559,13
137,281
137,561
137,562
137,501
137,563
137,564
137,143
137,472
137,565
4,167
4,347
4,139
4,227
4,566
4,29
4,12
4,14
4,262
158,160
158,161
158,162
158,164
158,168
158,7
158,172
158,350
158,175
158,176
158,367
158,178
158,179
158,180
158,181
158,182
158,14
158,183
158,243
93,94
93,95
93,97
93,567
93,98
93,101
93,317
93,102
93,103
93,104
93,106
93,407
93,273
93,108
93,568
93,109
93,110
93,111
93,112
93,113
93,115
93,116
93,119
93,276
93,121
93,122
93,123
93,126
93,127
432,435
432,134
17,272
17,18
17,408
17,409
17,19
17,569
17,20
17,570
17,132
17,21
17,22
206,207
206,208
206,46
206,309
206,47
206,48
206,209
206,210
206,211
206,212
206,311
206,213
206,217
385,159
385,313
385,403
385,428
385,167
385,28
385,475
385,387
385,388
385,495
385,30
385,174
385,389
385,390
385,195
385,391
385,392
385,296
385,393
385,517
385,230
385,395
385,152
385,396
385,397
385,398
385,399
385,400
385,401
159,571
159,313
159,161
159,162
159,403
159,292
159,166
159,167
159,347
159,168
159,170
159,572
159,475
159,173
159,30
159,175
159,195
159,406
159,177
159,573
159,179
159,504
159,181
159,517
159,14
159,152
159,574
159,457
159,297
447,448
447,544
44,207
44,208
44,46
44,47
44,48
44,209
44,310
44,210
44,212
44,311
44,213
44,214
44,54
44,467
44,216
44,217
44,286
44,220
44,379
44,223
44,126
66,280
66,269
66,49
66,525
66,270
66,526
66,272
66,521
66,527
66,8
66,273
66,284
66,73
66,285
66,528
66,529
66,530
66,531
66,190
66,275
66,276
66,277
66,287
66,192
66,125
66,473
532,152
532,544
575,334
45,207
45,208
45,46
45,292
45,309
45,47
45,48
45,209
45,497
45,293
45,210
45,51
45,211
45,53
45,212
45,311
45,213
45,54
45,216
45,217
45,286
45,199
45,223
571,292
571,166
571,173
571,406
571,573
571,457
464,346
464,403
464,98
464,347
464,139
464,29
464,30
464,188
464,251
464,355
464,478
464,255
465,315
465,317
465,318
465,469
465,150
465,312
386,346
386,247
386,248
386,518
386,228
386,306
386,467
386,188
386,249
386,250
386,251
386,307
386,252
386,394
386,199
386,308
386,253
386,254
386,255
386,536
313,162
313,428
313,167
313,28
313,170
313,387
313,388
313,173
313,495
313,174
313,389
313,390
313,391
313,176
313,392
313,149
313,296
313,393
313,452
313,230
313,395
313,396
313,397
313,398
313,399
313,400
313,496
313,401
346,247
346,337
346,347
346,533
346,348
346,317
346,349
346,518
346,306
346,534
346,467
346,350
346,477
346,573
346,307
346,351
346,472
346,352
346,353
346,152
346,354
346,478
346,535
346,576
346,254
346,255
207,46
207,309
207,47
207,48
207,209
207,460
207,211
207,212
207,214
207,54
207,216
207,217
207,219
207,220
207,221
207,56
207,296
207,548
207,222
207,223
207,224
207,127
577,359
577,578
577,369
577,565
208,579
208,46
208,309
208,47
208,48
208,209
208,210
208,50
208,51
208,211
208,212
208,311
208,213
208,214
208,54
208,216
208,217
208,219
208,220
208,221
208,56
208,57
208,222
208,199
208,223
208,21
160,161
160,162
160,292
160,164
160,165
160,166
160,168
160,170
160,171
160,187
160,172
160,173
160,174
160,175
160,176
160,178
160,179
160,181
160,182
160,14
160,457
160,183
160,192
160,184
266,580
266,267
266,268
266,269
266,484
266,270
266,460
266,271
266,272
266,273
266,441
266,581
266,274
266,582
266,275
266,276
266,277
315,97
315,316
315,374
315,317
315,318
315,104
315,108
315,31
315,109
315,319
315,307
315,470
315,150
315,342
315,379
315,126
94,95
94,163
94,96
94,268
94,97
94,98
94,99
94,100
94,375
94,101
94,102
94,103
94,376
94,104
94,106
94,107
94,108
94,378
94,109
94,110
94,111
94,342
94,116
94,35
94,119
94,120
94,122
94,297
94,124
94,126
94,127
358,359
358,360
358,361
358,553
358,557
358,583
358,554
358,362
358,363
358,140
358,364
358,555
358,365
358,366
358,367
358,444
358,307
358,368
358,369
358,370
358,191
358,558
358,371
358,85
580,164
580,484
580,460
580,285
580,57
584,167
584,330
584,241
5,236
5,416
5,237
5,167
5,422
5,238
5,7
5,239
5,455
5,55
5,240
5,11
5,241
5,242
5,456
5,243
5,426
236,237
236,238
236,7
236,239
236,9
236,455
236,55
236,240
236,11
236,13
236,241
236,242
236,456
236,243
579,95
579,210
579,212
579,311
579,585
579,573
95,247
95,67
95,97
95,248
95,375
95,101
95,102
95,104
95,106
95,585
95,108
95,378
95,109
95,111
95,33
95,35
95,117
95,119
95,126
95,429
95,127
161,162
161,164
161,165
161,167
161,436
161,168
161,170
161,171
161,194
161,172
161,174
161,175
161,176
161,178
161,179
161,197
161,180
161,181
161,198
161,182
161,14
161,200
161,586
161,183
587,138
587,140
587,141
587,142
587,143
587,144
587,565
414,416
414,417
414,418
414,67
414,419
414,420
414,421
414,475
414,422
414,423
414,72
414,195
414,425
414,55
414,426
162,292
162,588
162,164
162,165
162,166
162,167
162,168
162,170
162,171
162,172
162,175
162,176
162,178
162,179
162,181
162,182
162,14
162,457
162,120
415,295
415,260
415,55
280,268
280,269
280,49
280,525
280,270
280,526
280,272
280,521
280,527
280,8
280,273
280,284
280,73
280,285
280,528
280,529
280,274
280,530
280,190
280,275
280,277
280,287
280,192
280,125
280,473
416,418
416,67
416,419
416,420
416,374
416,169
416,421
416,422
416,423
416,72
416,195
416,425
416,78
416,55
416,11
416,589
416,242
416,200
416,183
416,524
359,360
359,361
359,553
359,557
359,583
359,554
359,362
359,363
359,578
359,555
359,365
359,366
359,367
359,369
359,370
359,191
359,558
359,371
359,85
163,324
163,167
163,193
163,325
163,140
163,326
163,294
163,6
163,327
163,273
163,195
163,328
163,329
163,330
163,197
163,180
163,198
163,182
163,199
163,331
163,191
163,545
163,332
163,333
163,135
163,508
163,334
403,27
403,98
403,316
403,436
403,347
403,282
403,169
403,437
403,317
403,349
403,140
403,475
403,422
403,518
403,440
403,306
403,29
403,350
403,328
403,141
403,477
403,444
403,307
403,33
403,351
403,342
403,57
403,472
403,152
403,191
403,478
403,135
403,255
46,309
46,47
46,48
46,209
46,293
46,210
46,51
46,460
46,211
46,52
46,53
46,212
46,466
46,311
46,213
46,214
46,54
46,467
46,216
46,217
46,286
46,250
46,251
46,219
46,220
46,221
46,56
46,57
46,151
46,222
46,223
46,224
46,254
46,225
96,97
96,98
96,375
96,101
96,317
96,102
96,104
96,106
96,108
96,378
96,109
96,111
96,342
96,312
96,35
96,117
96,119
96,126
96,127
291,247
291,419
291,516
291,468
291,33
291,589
291,120
291,590
291,591
291,592
247,248
247,69
247,518
247,228
247,306
247,188
247,249
247,141
247,250
247,251
247,307
247,33
247,252
247,199
247,308
247,593
247,253
247,254
247,255
247,256
292,166
292,572
292,173
292,10
292,175
292,295
292,380
292,406
292,573
292,504
292,181
292,182
292,14
292,262
292,457
27,417
27,69
27,139
27,30
27,188
27,32
27,250
27,33
27,34
27,35
27,355
27,255
417,418
417,67
417,419
417,97
417,28
417,421
417,475
417,422
417,423
417,72
417,108
417,195
417,55
417,221
417,223
417,426
417,427
492,428
492,435
492,546
492,493
492,594
492,149
492,547
492,506
492,549
492,507
492,446
433,493
267,268
267,269
267,270
267,271
267,272
267,581
267,274
267,275
267,276
267,277
267,429
268,269
268,164
268,270
268,271
268,272
268,273
268,274
268,595
268,275
268,276
268,277
268,536
418,67
418,419
418,97
418,420
418,421
418,422
418,423
418,72
418,108
418,195
418,75
418,55
418,342
418,12
418,354
418,125
418,427
418,127
67,419
67,420
67,169
67,421
67,422
67,423
67,72
67,195
67,425
67,55
67,312
67,255
67,426
67,427
258,259
258,318
258,440
258,499
258,260
258,261
258,596
258,396
258,597
258,36
258,37
258,498
258,263
309,47
309,209
309,210
309,211
309,212
309,311
309,213
309,216
309,217
309,219
309,220
419,420
419,421
419,475
419,422
419,423
419,72
419,516
419,195
419,425
419,141
419,55
419,120
419,371
419,426
434,28
434,438
434,174
434,441
434,445
434,394
434,135
434,401
47,48
47,209
47,293
47,210
47,51
47,460
47,211
47,52
47,53
47,212
47,466
47,306
47,311
47,213
47,214
47,54
47,216
47,217
47,286
47,250
47,319
47,469
47,470
47,219
47,220
47,221
47,56
47,57
47,312
47,222
47,199
47,223
47,224
47,254
97,98
97,99
97,316
97,100
97,374
97,375
97,101
97,317
97,102
97,103
97,376
97,104
97,105
97,106
97,107
97,108
97,378
97,109
97,110
97,111
97,112
97,114
97,115
97,342
97,116
97,35
97,117
97,379
97,118
97,119
97,36
97,120
97,121
97,122
97,124
97,126
97,127
360,361
360,553
360,557
360,583
360,554
360,363
360,364
360,76
360,555
360,365
360,366
360,367
360,368
360,369
360,370
360,191
360,558
360,371
360,85
48,209
48,310
48,210
48,211
48,212
48,311
48,213
48,214
48,216
48,217
48,286
48,319
48,444
48,469
48,470
48,219
48,220
48,221
48,56
48,312
48,517
48,222
48,223
48,224
337,598
337,502
567,102
567,103
567,105
567,110
567,112
567,118
567,119
567,121
567,122
567,123
98,99
98,101
98,102
98,103
98,376
98,106
98,107
98,30
98,108
98,500
98,378
98,110
98,111
98,112
98,114
98,342
98,117
98,119
98,120
98,124
98,255
98,126
98,127
209,210
209,211
209,212
209,466
209,311
209,213
209,214
209,216
209,217
209,219
209,220
209,221
209,56
237,238
237,240
237,11
237,242
237,456
237,243
483,293
483,484
483,50
483,321
483,51
483,485
483,227
483,52
483,53
483,54
483,424
483,196
483,341
483,57
483,452
483,486
483,487
483,488
497,9
497,442
497,507
497,199
497,395
248,361
248,193
248,69
248,554
248,363
248,518
248,228
248,306
248,174
248,467
248,350
248,249
248,217
248,365
248,366
248,250
248,307
248,252
248,57
248,370
248,199
248,308
248,519
248,232
248,488
248,135
248,254
248,255
248,263
248,256
248,591
428,281
428,546
428,387
428,561
428,493
428,174
428,562
428,441
428,110
428,149
428,547
428,506
428,548
428,549
428,472
428,507
428,82
428,395
428,565
428,446
428,535
428,398
428,508
428,536
428,401
269,270
269,271
269,272
269,273
269,581
269,73
269,274
269,582
269,275
269,276
269,277
269,287
269,473
435,546
435,493
435,441
435,149
435,547
435,506
435,549
435,394
435,507
435,134
435,446
99,101
99,102
99,108
99,378
99,111
99,342
99,117
99,119
99,126
99,127
599,212
599,283
599,83
600,449
600,601
164,165
164,167
164,436
164,193
164,168
164,602
164,171
164,212
164,194
164,172
164,174
164,285
164,175
164,176
164,178
164,55
164,179
164,330
164,197
164,180
164,181
164,198
164,57
164,230
164,182
164,14
164,200
164,593
164,183
164,399
164,503
164,536
165,168
165,602
165,171
165,194
165,172
165,176
165,179
165,180
165,296
165,230
165,182
165,14
165,200
165,183
165,184
165,399
420,193
420,421
420,422
420,423
420,72
420,195
420,55
420,135
420,426
316,317
316,318
316,408
316,312
281,140
281,603
281,561
281,501
281,286
281,141
281,144
281,565
281,488
281,288
293,484
293,50
293,321
293,51
293,28
293,282
293,169
293,437
293,227
293,52
293,53
293,440
293,54
293,178
293,444
293,33
293,341
293,57
293,452
293,151
293,191
293,487
293,488
293,135
68,69
68,70
68,71
68,73
68,74
68,75
68,76
68,110
68,77
68,78
68,261
68,79
68,80
68,81
68,82
68,83
68,371
68,85
100,49
100,106
100,213
100,108
100,127
49,525
49,526
49,521
49,284
49,73
49,285
49,528
49,529
49,531
49,190
49,287
49,192
49,473
361,553
361,557
361,583
361,554
361,363
361,140
361,364
361,555
361,365
361,366
361,141
361,367
361,368
361,369
361,370
361,144
361,191
361,558
361,253
361,371
361,85
604,138
604,140
604,141
604,142
604,144
553,363
553,364
553,555
553,365
553,366
553,367
553,368
553,369
553,370
553,191
553,371
553,85
166,168
166,170
166,572
166,173
166,295
166,406
166,573
166,181
166,182
166,14
166,574
166,457
166,297
484,50
484,321
484,51
484,460
484,227
484,53
484,54
484,196
484,57
484,452
484,487
374,317
374,102
374,318
374,440
374,499
374,108
374,31
374,312
374,379
374,36
374,127
324,193
324,325
324,326
324,294
324,6
324,327
324,328
324,329
324,330
324,197
324,198
324,545
324,332
324,333
525,270
525,526
525,272
525,521
525,273
525,284
525,73
525,285
525,528
525,529
525,274
525,531
525,190
525,277
525,287
525,192
525,473
310,214
310,54
310,216
310,217
310,224
167,347
167,193
167,168
167,69
167,169
167,526
167,572
167,440
167,388
167,173
167,174
167,391
167,176
167,406
167,177
167,113
167,444
167,573
167,307
167,179
167,504
167,330
167,197
167,180
167,342
167,181
167,198
167,182
167,241
167,14
167,199
167,396
167,593
167,457
167,297
167,333
167,398
167,503
167,401
436,169
436,578
436,444
436,33
436,57
210,437
210,211
210,212
210,466
210,311
210,214
210,216
210,217
210,443
210,219
210,220
210,221
210,56
210,222
210,223
210,224
138,140
138,605
138,561
138,562
138,366
138,141
138,142
138,563
138,143
138,370
138,144
138,565
138,606
138,607
138,608
347,139
347,348
347,70
347,349
347,609
347,29
347,350
347,19
347,250
347,504
347,351
347,352
347,355
347,478
347,535
347,254
347,21
347,610
50,321
50,51
50,227
50,52
50,53
50,54
50,424
50,196
50,307
50,341
50,57
50,452
50,242
50,457
50,487
50,488
321,51
321,485
321,227
321,52
321,53
321,54
321,424
321,196
321,341
321,57
321,452
321,486
321,487
321,488
321,611
193,325
193,326
193,294
193,6
193,327
193,176
193,328
193,329
193,179
193,330
193,197
193,180
193,198
193,182
193,331
193,332
193,333
193,135
193,508
193,334
168,170
168,171
168,194
168,172
168,173
168,174
168,175
168,176
168,178
168,179
168,180
168,181
168,182
168,14
168,183
168,184
270,271
270,272
270,273
270,284
270,581
270,73
270,274
270,582
270,595
270,119
270,275
270,276
270,277
270,287
270,192
270,473
533,534
557,362
557,363
557,364
557,76
557,555
557,366
557,367
557,368
557,369
557,370
557,191
557,371
557,85
51,485
51,227
51,52
51,53
51,54
51,424
51,196
51,286
51,341
51,57
51,549
51,452
51,151
51,486
51,487
51,488
259,440
259,260
259,261
259,596
259,612
259,597
259,263
583,363
583,364
583,365
583,366
583,367
583,368
583,369
583,370
613,8
613,614
613,125
613,289
615,352
615,535
615,536
69,139
69,518
69,228
69,306
69,388
69,30
69,174
69,467
69,188
69,74
69,249
69,76
69,250
69,251
69,307
69,252
69,393
69,82
69,199
69,308
69,232
69,355
69,253
69,590
69,254
69,399
69,255
69,256
299,616
299,300
299,301
299,302
299,303
299,304
485,227
485,53
485,54
485,452
554,363
554,364
554,365
554,366
554,367
554,251
554,368
554,369
554,370
554,371
554,536
602,172
602,176
602,180
28,438
28,387
28,388
28,29
28,389
28,441
28,393
28,394
28,396
28,397
28,135
28,399
28,401
139,561
139,29
139,30
139,534
139,477
139,443
139,307
139,33
139,351
139,352
139,152
139,355
139,478
139,255
348,349
348,350
348,352
282,169
282,140
282,440
282,527
282,8
282,54
282,283
282,73
282,444
282,614
282,12
282,312
282,199
282,191
282,333
282,135
282,255
282,125
282,473
282,289
169,440
169,585
169,423
169,54
169,188
169,195
169,113
169,444
169,33
169,394
169,589
169,199
169,593
169,191
169,135
169,503
169,126
169,429
325,326
325,294
325,6
325,327
325,328
325,329
325,330
325,197
325,198
325,545
325,332
325,333
325,334
617,566
617,218
617,307
617,618
617,589
617,619
617,429
460,213
460,214
460,441
460,54
460,216
460,217
460,286
70,437
70,71
70,74
70,75
70,76
70,77
70,19
70,78
70,79
70,80
70,81
70,82
70,21
70,125
70,84
437,349
437,438
437,213
437,9
437,195
437,34
437,395
437,620
437,461
71,75
71,76
71,477
71,78
71,79
71,82
71,540
375,377
375,106
375,108
375,111
375,120
375,124
375,126
375,127
101,102
101,376
101,104
101,106
101,107
101,108
101,378
101,109
101,111
101,342
101,35
101,117
101,119
101,120
101,124
101,126
101,127
526,284
526,73
526,285
526,528
526,529
526,530
526,531
526,190
526,287
526,473
317,318
317,104
317,311
317,467
317,108
317,109
317,468
317,319
317,470
317,150
317,471
317,342
317,312
317,117
317,379
317,119
317,36
317,446
317,124
317,127
421,475
421,422
421,423
421,72
421,195
421,55
421,426
227,103
227,52
227,53
227,228
227,54
227,424
227,196
227,341
227,57
227,452
227,230
227,231
227,232
227,486
227,487
227,488
362,363
362,364
362,555
362,366
362,367
362,368
362,369
362,370
362,371
362,85
170,171
170,609
170,172
170,173
170,174
170,176
170,178
170,179
170,181
170,182
170,14
170,574
170,457
170,183
170,297
170,192
170,184
170,399
271,272
271,273
271,581
271,274
271,582
271,275
271,276
271,277
349,534
349,54
349,350
349,141
349,444
349,307
349,33
349,351
349,34
349,352
349,353
349,354
349,355
349,461
272,273
272,284
272,581
272,73
272,274
272,319
272,81
272,275
272,276
272,277
272,287
272,473
363,228
363,364
363,555
363,365
363,366
363,367
363,251
363,341
363,252
363,368
363,369
363,370
363,191
363,558
363,371
363,85
140,603
140,605
140,364
140,561
140,501
140,365
140,366
140,141
140,367
140,142
140,504
140,563
140,143
140,368
140,370
140,144
140,606
140,607
140,288
140,621
572,175
572,406
546,439
546,493
546,441
546,110
546,149
546,443
546,547
546,506
546,548
546,549
546,507
546,352
546,395
546,446
546,450
546,508
546,536
475,422
475,423
475,195
475,55
475,426
102,103
102,104
102,105
102,106
102,107
102,108
102,109
102,110
102,111
102,112
102,113
102,115
102,116
102,117
102,379
102,118
102,119
102,120
102,121
102,277
102,122
102,123
102,124
102,126
102,127
422,423
422,72
422,195
422,55
422,11
422,152
422,426
103,104
103,439
103,105
103,106
103,72
103,108
103,110
103,111
103,112
103,115
103,116
103,118
103,231
103,119
103,152
103,121
103,122
103,123
103,124
103,127
518,228
518,311
518,423
518,30
518,467
518,188
518,249
518,250
518,251
518,252
518,352
518,144
518,254
518,255
518,256
318,440
318,499
318,31
318,319
318,470
318,114
318,150
318,342
318,312
318,117
318,379
318,119
318,597
318,36
318,37
318,127
326,294
326,6
326,327
326,328
326,329
326,330
326,197
326,198
326,331
326,545
326,332
326,333
326,508
326,334
438,174
438,441
438,9
438,445
438,394
438,135
438,401
578,366
578,141
578,369
376,108
376,111
376,342
376,35
376,117
376,127
603,561
603,501
603,141
603,563
211,212
211,311
211,213
211,216
211,217
211,286
211,220
211,223
52,53
52,214
52,54
52,286
52,240
52,220
52,57
52,452
52,151
52,487
52,488
53,566
53,54
53,424
53,196
53,286
53,240
53,341
53,57
53,452
53,151
53,486
53,487
53,488
171,194
171,172
171,176
171,179
171,181
171,182
171,14
171,183
448,622
448,132
448,623
448,544
238,239
238,9
238,240
238,11
238,241
238,242
238,456
238,243
228,306
228,188
228,249
228,365
228,366
228,141
228,250
228,251
228,307
228,252
228,368
228,230
228,369
228,370
228,231
228,199
228,308
228,519
228,232
228,144
228,253
228,254
228,255
228,256
605,141
605,142
605,143
605,144
104,105
104,106
104,108
104,109
104,110
104,112
104,115
104,116
104,117
104,118
104,119
104,120
104,121
104,122
104,123
104,124
104,126
104,127
294,6
294,327
294,391
294,328
294,329
294,240
294,330
294,197
294,20
294,198
294,331
294,545
294,332
294,333
294,508
294,334
566,218
566,589
566,191
566,619
566,473
566,429
212,466
212,311
212,213
212,542
212,214
212,9
212,216
212,285
212,217
212,219
212,220
212,221
212,56
212,57
212,312
212,222
212,223
212,224
212,21
624,285
624,57
187,283
187,80
187,189
377,108
377,378
377,109
377,111
377,126
377,127
194,172
194,176
194,180
194,200
439,523
439,283
439,31
439,380
439,443
439,506
439,152
439,524
439,446
439,450
439,83
523,443
523,524
523,450
523,451
625,626
105,119
105,122
440,31
440,260
440,261
440,444
440,342
440,596
440,379
440,597
440,37
440,191
440,135
440,503
440,263
6,327
6,8
6,286
6,328
6,329
6,330
6,197
6,198
6,331
6,332
6,333
6,334
466,311
466,213
466,217
327,328
327,329
327,330
327,197
327,198
327,331
327,332
327,333
511,537
511,512
511,513
511,445
511,514
511,540
511,541
627,542
106,108
106,378
106,109
106,110
106,111
106,112
106,342
106,35
106,117
106,119
106,120
106,122
106,124
106,254
106,126
106,127
364,555
364,365
364,366
364,367
364,369
364,370
364,191
364,558
364,254
364,371
364,126
364,85
306,30
306,188
306,249
306,250
306,251
306,252
306,370
306,199
306,355
306,253
306,254
306,255
306,256
609,493
609,628
609,352
609,535
609,254
387,388
387,495
387,174
387,389
387,390
387,391
387,392
387,149
387,296
387,393
387,230
387,395
387,396
387,397
387,398
387,399
387,400
387,401
311,213
311,467
311,216
311,217
311,307
311,219
311,220
311,221
311,56
311,223
388,495
388,174
388,389
388,390
388,391
388,296
388,393
388,230
388,396
388,397
388,398
388,399
388,400
388,401
585,629
585,429
521,284
521,73
521,285
521,528
521,529
521,618
521,530
521,531
521,190
521,287
521,473
423,441
423,72
423,195
423,425
423,55
423,352
423,426
423,427
527,284
527,73
527,75
527,596
527,370
527,620
527,623
527,287
527,473
213,214
213,54
213,467
213,216
213,217
213,250
213,444
213,307
213,470
213,219
213,220
213,221
213,56
213,222
213,199
213,223
213,224
213,254
7,10
7,350
7,76
7,560
7,178
7,14
542,214
542,286
172,175
172,176
172,178
172,179
172,180
172,181
172,182
172,14
172,200
172,183
172,126
173,175
173,406
173,181
173,14
495,174
495,389
495,296
495,395
495,396
495,397
495,398
495,399
495,400
495,401
561,501
561,141
561,563
561,472
561,144
561,565
214,54
214,216
214,217
214,286
214,219
214,220
214,221
214,56
214,222
214,223
214,224
18,408
18,409
18,20
18,570
18,21
18,22
107,108
107,378
107,111
107,342
107,117
107,127
493,441
493,628
493,149
493,547
493,506
493,548
493,549
493,507
493,352
493,446
493,535
493,508
493,536
493,451
29,250
29,242
29,355
29,478
30,188
30,32
30,573
30,307
30,33
30,351
30,34
30,57
30,517
30,35
30,308
30,353
30,152
30,255
174,389
174,441
174,175
174,176
174,149
174,179
174,393
174,394
174,14
174,199
174,396
174,397
174,488
174,135
174,399
174,263
174,591
174,401
562,501
562,141
562,472
562,144
562,565
239,9
239,55
239,240
239,11
239,241
239,242
239,243
537,512
537,538
537,513
537,445
537,514
537,540
8,283
8,284
8,10
8,73
8,285
8,75
8,528
8,76
8,529
8,78
8,614
8,190
8,488
8,297
8,287
8,192
8,125
8,473
8,289
8,630
534,350
534,352
534,132
534,122
534,544
499,407
499,31
499,260
499,597
499,263
407,108
389,390
389,391
389,392
389,296
389,393
389,230
389,396
389,397
389,398
389,399
389,400
389,401
273,631
273,284
273,581
273,73
273,274
273,582
273,119
273,275
273,191
273,276
273,277
273,473
441,594
441,149
441,445
441,506
441,548
441,549
441,394
441,507
441,352
441,446
441,135
441,508
441,536
441,401
72,195
72,425
72,55
72,11
72,352
72,255
72,426
72,427
54,216
54,424
54,217
54,196
54,286
54,250
54,33
54,11
54,341
54,57
54,312
54,452
54,199
54,119
54,37
54,486
54,487
54,488
54,135
54,225
501,141
501,563
501,564
501,472
501,144
501,355
501,565
283,380
283,395
283,83
283,125
283,289
467,217
467,250
467,307
467,221
467,56
467,254
215,218
215,225
188,249
188,250
188,307
188,33
188,351
188,252
188,370
188,199
188,308
188,519
188,232
188,297
188,254
188,255
188,256
390,393
390,396
390,397
390,399
390,401
512,513
512,445
512,514
512,540
512,541
512,451
632,217
408,19
408,20
408,21
408,22
108,378
108,109
108,110
108,111
108,112
108,114
108,115
108,342
108,116
108,312
108,35
108,117
108,379
108,118
108,119
108,36
108,120
108,121
108,122
108,124
108,126
108,127
9,240
9,11
9,502
9,243
505,342
284,73
284,285
284,528
284,529
284,530
284,531
284,190
284,276
284,277
284,287
284,192
284,125
284,473
216,217
216,286
216,219
216,220
216,221
216,56
216,222
216,223
216,224
10,295
10,12
10,14
10,630
516,444
516,120
516,371
516,289
581,274
581,582
581,275
581,276
581,277
568,112
568,119
73,285
73,528
73,529
73,149
73,452
73,151
73,530
73,531
73,190
73,275
73,276
73,277
73,153
73,287
73,192
73,125
73,473
31,342
31,312
31,36
31,253
350,477
350,55
350,352
350,353
350,354
350,355
350,576
285,528
285,529
285,57
285,530
285,531
285,190
285,287
285,192
285,473
175,176
175,178
175,573
175,179
175,180
175,181
175,182
175,14
175,183
175,297
175,192
175,184
500,342
195,328
195,425
195,113
195,55
195,33
195,11
195,342
195,118
195,242
195,191
195,183
195,503
195,21
195,426
195,126
195,427
74,75
74,76
74,77
74,82
75,76
75,77
75,78
75,79
75,80
75,596
75,82
75,182
75,370
75,620
75,190
75,191
75,623
75,83
75,371
75,125
75,84
75,85
378,109
378,110
378,111
378,506
378,342
378,296
378,119
378,120
378,124
378,633
378,126
378,127
424,341
424,57
424,452
424,486
424,487
424,488
249,217
249,250
249,251
249,307
249,252
249,199
249,308
249,232
249,355
249,253
249,254
249,255
249,256
528,529
528,530
528,531
528,190
528,277
528,287
528,192
528,125
528,473
76,555
76,77
76,78
76,55
76,79
76,80
76,81
76,618
76,189
76,82
76,369
76,370
76,191
76,297
76,83
76,371
76,84
76,85
76,630
555,366
555,367
555,368
555,369
555,370
555,191
555,371
555,85
628,196
628,250
628,536
109,391
109,111
109,112
109,33
109,342
109,312
109,35
109,117
109,119
109,120
109,124
109,126
109,127
217,286
217,250
217,219
217,220
217,221
217,56
217,222
217,223
217,224
217,254
391,393
391,379
391,396
391,397
391,399
391,126
391,401
130,131
130,132
130,133
130,545
130,134
130,135
538,513
196,367
196,341
196,57
196,452
196,486
196,487
196,15
196,488
110,260
110,111
110,112
110,115
110,506
110,116
110,82
110,119
110,120
110,124
110,127
176,178
176,55
176,179
176,330
176,197
176,180
176,181
176,198
176,182
176,14
176,200
176,586
176,183
286,219
286,220
286,221
286,56
286,57
286,222
286,223
529,530
529,531
529,190
529,287
529,192
529,125
529,473
328,329
328,330
328,197
328,198
328,331
328,545
328,332
328,333
328,508
328,334
442,199
392,396
392,399
392,401
449,601
425,55
425,33
425,503
425,427
380,189
380,82
380,381
380,83
380,84
513,445
513,514
513,540
513,541
274,595
274,276
274,277
274,473
329,198
329,331
329,332
365,366
365,141
365,367
365,250
365,252
365,368
365,369
365,370
365,144
365,558
365,606
365,254
365,371
365,85
260,55
260,261
260,11
260,596
260,597
260,183
260,498
260,263
111,114
111,33
111,342
111,116
111,35
111,117
111,119
111,120
111,122
111,124
111,126
111,127
366,141
366,367
366,250
366,251
366,307
366,252
366,368
366,369
366,370
366,144
366,191
366,558
366,606
366,254
366,371
366,255
366,85
468,471
468,590
468,592
141,142
141,563
141,143
141,368
141,370
141,199
141,144
141,606
141,607
582,276
582,277
112,113
112,115
112,116
112,119
112,121
112,122
112,126
112,127
77,79
77,80
77,189
77,82
218,589
218,304
218,225
218,429
149,406
149,547
149,506
149,548
149,549
149,507
149,230
149,151
149,352
149,395
149,446
149,153
149,535
149,508
149,536
149,401
406,573
406,262
406,574
406,457
406,297
409,19
409,569
409,20
409,21
409,22
560,13
19,20
19,570
19,21
19,22
455,178
455,55
455,11
455,242
455,634
367,368
367,369
367,370
367,191
367,558
367,371
367,85
595,275
595,276
595,277
113,342
113,116
113,119
477,540
477,354
443,506
443,446
443,450
142,150
142,143
142,370
142,144
142,606
142,607
178,179
178,181
178,182
178,14
178,457
250,251
250,307
250,33
250,11
250,252
250,56
250,370
250,199
250,308
250,119
250,353
250,232
250,253
250,535
250,254
250,255
250,536
250,256
78,79
78,635
78,82
78,83
78,84
251,573
251,307
251,351
251,252
251,370
251,199
251,308
251,519
251,232
251,478
251,254
251,255
251,256
551,15
319,469
319,312
55,240
55,11
55,242
55,183
55,426
55,427
261,596
261,597
444,33
444,13
444,191
444,135
573,14
573,255
240,11
240,241
240,242
240,456
240,243
240,636
240,498
79,80
79,82
79,83
79,85
307,252
307,370
307,242
307,199
307,223
307,144
307,457
307,253
307,254
307,255
307,256
469,150
469,471
470,312
547,506
547,549
547,395
547,446
547,508
219,220
219,223
80,82
80,84
179,180
179,181
179,198
179,182
179,14
179,200
179,183
179,243
179,184
114,342
114,127
33,34
33,57
33,35
33,355
81,82
115,116
115,119
115,122
504,288
504,621
445,514
445,394
445,540
445,541
445,135
445,401
563,144
563,565
506,548
506,549
506,507
506,82
506,395
506,446
506,508
150,312
150,303
330,197
330,198
330,241
330,14
330,331
330,332
11,241
11,242
11,119
11,456
11,183
11,243
11,426
564,565
514,540
514,541
351,355
351,461
569,20
197,198
197,593
20,570
20,21
20,22
341,296
341,57
341,452
341,486
341,487
341,488
618,429
252,369
252,370
252,199
252,308
252,232
252,253
252,254
252,255
252,256
220,221
220,56
220,222
220,223
220,191
221,56
221,223
221,120
180,198
180,182
180,14
180,200
180,586
180,243
56,312
56,223
342,117
342,37
342,120
342,124
342,126
342,127
296,393
296,395
296,396
296,397
296,399
181,182
181,14
181,184
143,144
143,606
143,607
614,548
614,125
614,289
116,118
116,119
116,122
116,127
393,230
393,396
393,397
393,398
393,399
393,400
393,401
198,182
198,331
198,332
198,333
198,508
198,334
34,35
34,620
34,461
368,369
368,370
368,191
368,558
368,606
368,371
368,85
548,549
548,507
548,395
548,446
548,508
57,452
57,151
57,486
57,487
57,488
12,517
12,14
189,82
189,381
189,610
312,379
312,36
312,37
312,126
549,507
549,395
549,446
549,508
596,612
596,597
596,263
394,593
394,135
394,429
394,401
131,133
131,545
131,134
131,135
472,565
452,486
452,487
452,488
35,119
35,120
35,124
35,126
35,127
13,82
117,119
117,124
117,126
117,127
507,589
507,352
507,199
507,395
507,446
507,508
507,536
589,199
589,619
589,21
589,429
230,232
230,396
230,397
230,399
230,401
151,153
82,381
82,84
540,541
369,370
369,191
369,558
369,371
369,85
379,597
379,126
182,14
182,200
182,183
182,243
182,192
182,184
182,125
241,242
241,456
241,243
241,636
118,119
118,121
118,122
118,127
530,531
530,190
530,287
530,192
530,225
530,473
370,144
370,191
370,623
370,558
370,253
370,606
370,254
370,371
370,255
370,85
570,21
570,22
14,200
14,457
14,183
14,243
14,192
14,184
352,353
352,446
352,535
352,508
352,536
352,544
132,231
132,544
231,232
242,223
242,456
242,457
242,243
242,636
199,308
199,37
199,253
199,254
199,255
199,256
200,524
200,399
308,253
308,254
308,255
308,256
616,300
616,301
616,304
531,190
531,287
531,192
531,473
223,224
223,457
119,120
119,121
119,122
119,123
119,124
119,126
119,127
519,253
353,354
353,535
232,253
232,254
232,255
395,446
395,398
395,508
395,399
300,301
300,302
300,303
300,304
620,623
620,461
144,606
144,607
396,397
396,398
396,399
396,400
396,401
597,498
597,263
397,398
397,399
397,400
397,401
190,287
190,192
190,125
190,473
275,276
275,277
133,545
133,134
133,135
191,135
191,371
191,21
191,85
355,478
355,446
355,255
623,544
301,302
301,303
301,304
302,303
302,304
303,304
486,487
486,488
545,135
276,277
276,192
276,473
183,243
487,488
120,371
120,126
120,127
121,122
121,123
121,127
277,287
277,192
277,473
122,123
122,127
134,135
502,288
253,254
253,255
253,256
332,333
524,254
446,535
446,508
446,536
446,401
243,636
488,263
488,611
297,126
535,508
535,536
535,401
287,192
287,473
192,473
124,126
124,127
450,451
398,399
398,401
590,84
590,592
135,401
254,255
254,256
619,429
371,289
371,85
399,400
399,401
255,256
21,22
400,401
125,289
263,611
263,126
263,591
126,127
496,401
